Workbook

Sheet Clientes
A1: ID | B1: Nome | C1: Cidade | D1: Estado
A2: 1 | B2: Cliente 1 | C2: Jundiaí | D2: SP
A3: 2 | B3: Cliente 2 | C3: Sorocaba | D3: SP
A4: 3 | B4: Cliente 3 | C4: Santos | D4: SP
A5: 4 | B5: Cliente 4 | C5: Osasco | D5: SP
A6: 5 | B6: Cliente 5 | C6: Campinas | D6: SP
A7: 6 | B7: Cliente 6 | C7: Osasco | D7: SP
A8: 7 | B8: Cliente 7 | C8: Sorocaba | D8: SP
A9: 8 | B9: Cliente 8 | C9: Campinas | D9: SP
A10: 9 | B10: Cliente 9 | C10: Campinas | D10: SP
A11: 10 | B11: Cliente 10 | C11: Osasco | D11: SP
A12: 11 | B12: Cliente 11 | C12: Santos | D12: SP
A13: 12 | B13: Cliente 12 | C13: Jundiaí | D13: SP
... A1001: 1000 | B1001: Cliente 1000 | C1001: São José dos Campos | D1001: SP

Sheet Filiais
A1: Filial | B1: Cidade
A2: Loja 1 | B2: São Paulo
A3: Loja 2 | B3: Campinas
A4: Loja 3 | B4: Barueri
A5: Loja 4 | B5: Osasco
A6: Loja 5 | B6: Sorocaba
A7: Loja 6 | B7: Jundiaí
A8: Loja 7 | B8: Santos
A9: Loja 8 | B9: Bauru
A10: Loja 9 | B10: Ribeirão Preto
A11: Loja 10 | B11: São José dos Campos

Sheet Estoque
A1: Produto | B1: Estoque
A2: Monitor Logitech 1 | B2: 256
A3: Notebook Kingston 2 | B3: 220
A4: Armazenamento Lenovo 3 | B4: 67
A5: Notebook Kingston 4 | B5: 111
A6: Notebook Kingston 5 | B6: 297
A7: Rede Dell 6 | B7: 201
A8: Notebook Dell 7 | B8: 109
A9: Armazenamento Lenovo 8 | B9: 150
A10: Rede Lenovo 9 | B10: 60
A11: Rede Lenovo 10 | B11: 17
A12: Monitor Kingston 11 | B12: 65
A13: Armazenamento Logitech 12 | B13: 296
... A151: Armazenamento Lenovo 150 | B151: 230

Sheet Produtos
A1: Codigo | B1: Nome | C1: Categoria | D1: Fornecedor
A2: P001 | B2: Monitor Logitech 1 | C2: Notebook | D2: LG Brasil
A3: P002 | B3: Notebook Kingston 2 | C3: Armazenamento | D3: Kingston Brasil
A4: P003 | B4: Armazenamento Lenovo 3 | C4: Notebook | D4: Kingston Brasil
A5: P004 | B5: Notebook Kingston 4 | C5: Armazenamento | D5: Logitech Brasil
A6: P005 | B6: Notebook Kingston 5 | C6: Periférico | D6: Lenovo Brasil
A7: P006 | B7: Rede Dell 6 | C7: Periférico | D7: Dell Brasil
A8: P007 | B8: Notebook Dell 7 | C8: Rede | D8: Dell Brasil
A9: P008 | B9: Armazenamento Lenovo 8 | C9: Armazenamento | D9: Dell Brasil
A10: P009 | B10: Rede Lenovo 9 | C10: Armazenamento | D10: Kingston Brasil
A11: P010 | B11: Rede Lenovo 10 | C11: Periférico | D11: Lenovo Brasil
A12: P011 | B12: Monitor Kingston 11 | C12: Periférico | D12: Dell Brasil
... A151: P150 | B151: Armazenamento Lenovo 150 | C151: Rede | D151: LG Brasil

Sheet Categorias
A1: Categoria
A2: Notebook
A3: Monitor
A4: Periférico
A5: Armazenamento
A6: Rede

Sheet Vendas
A1: ID | B1: Data | C1: Cliente | D1: Produto | E1: Qtd | F1: Valor | G1: Desc | H1: Filial
A2: 100000 | B2: 46204 | C2: Cliente 291 | D2: Armazenamento Lenovo 141 | E2: 5 | F2: 733 | G2: 0 | H2: Loja 3
A3: 100001 | B3: 46204 | C3: Cliente 424 | D3: Monitor Lenovo 69 | E3: 1 | F3: 1084 | G3: 5 | H3: Loja 9
A4: 100002 | B4: 46204 | C4: Cliente 241 | D4: Notebook Dell 68 | E4: 2 | F4: 859 | G4: 5 | H4: Loja 8
A5: 100003 | B5: 46204 | C5: Cliente 756 | D5: Periférico Dell 13 | E5: 5 | F5: 2518 | G5: 0 | H5: Loja 9
A6: 100004 | B6: 46204 | C6: Cliente 564 | D6: Rede Kingston 20 | E6: 3 | F6: 2832 | G6: 5 | H6: Loja 9
A7: 100005 | B7: 46204 | C7: Cliente 37 | D7: Monitor Logitech 35 | E7: 4 | F7: 3031 | G7: 10 | H7: Loja 1
A8: 100006 | B8: 46204 | C8: Cliente 324 | D8: Armazenamento Lenovo 8 | E8: 4 | F8: 1391 | G8: 10 | H8: Loja 1
A9: 100007 | B9: 46204 | C9: Cliente 435 | D9: Armazenamento Kingston 135 | E9: 2 | F9: 1667 | G9: 0 | H9: Loja 2
A10: 100008 | B10: 46204 | C10: Cliente 998 | D10: Armazenamento Logitech 34 | E10: 5 | F10: 4197 | G10: 0 | H10: Loja 5
A11: 100009 | B11: 46204 | C11: Cliente 202 | D11: Armazenamento Dell 118 | E11: 1 | F11: 3009 | G11: 5 | H11: Loja 6
A12: 100010 | B12: 46204 | C12: Cliente 226 | D12: Armazenamento Dell 91 | E12: 1 | F12: 164 | G12: 5 | H12: Loja 1
A13: 100011 | B13: 46204 | C13: Cliente 260 | D13: Armazenamento Dell 43 | E13: 5 | F13: 376 | G13: 0 | H13: Loja 4
... A8001: 107999 | B8001: 46204 | C8001: Cliente 172 | D8001: Monitor LG 147 | E8001: 3 | F8001: 2520 | G8001: 5 | H8001: Loja 9

Sheet Vendedores
A1: ID | B1: Nome | C1: Filial
A2: 1 | B2: Vendedor 1 | C2: Loja 9
A3: 2 | B3: Vendedor 2 | C3: Loja 2
A4: 3 | B4: Vendedor 3 | C4: Loja 10
A5: 4 | B5: Vendedor 4 | C5: Loja 7
A6: 5 | B6: Vendedor 5 | C6: Loja 2
A7: 6 | B7: Vendedor 6 | C7: Loja 7
A8: 7 | B8: Vendedor 7 | C8: Loja 9
A9: 8 | B9: Vendedor 8 | C9: Loja 10
A10: 9 | B10: Vendedor 9 | C10: Loja 5
A11: 10 | B11: Vendedor 10 | C11: Loja 7
A12: 11 | B12: Vendedor 11 | C12: Loja 5
A13: 12 | B13: Vendedor 12 | C13: Loja 6
... A81: 80 | B81: Vendedor 80 | C81: Loja 7

Sheet Base-Consolidada
A1: ID | B1: Data | C1: Cliente | D1: Produto | E1: Qtd | F1: Valor | G1: Desc | H1: Filial | I1: Cidade | J1: Estado | K1: Categoria | L1: Fornecedor | M1: Estoque | N1: Venda | O1: Venda + desconto
A2: 100000 | B2: 46204 | C2: Cliente 291 | D2: Armazenamento Lenovo 141 | E2: 5 | F2: 733 | G2: 0 | H2: Loja 3 | I2: =VLOOKUP(Sheet__29[[#This Row],[Filial]],Filiais!A:B,2,FALSE) -> Barueri | J2: =VLOOKUP(Sheet__29[[#This Row],[Cidade]],'Clientes'!C:D,2,FALSE) -> SP | K2: =VLOOKUP(Sheet__29[[#This Row],[Produto]],Produtos!B:C,2,FALSE) -> Rede | L2: =VLOOKUP(Sheet__29[[#This Row],[Produto]],Produtos!B:D,3,FALSE) -> Kingston Brasil | M2: =VLOOKUP(Sheet__29[[#This Row],[Produto]],Estoque!A:B,2,FALSE) -> 89 | N2: =Sheet__29[[#This Row],[Qtd]]*Sheet__29[[#This Row],[Valor]] -> 3665 | O2: =Sheet__29[[#This Row],[Venda]]*(1-Sheet__29[[#This Row],[Desc]]/100) -> 3665
A3: 100001 | B3: 46204 | C3: Cliente 424 | D3: Monitor Lenovo 69 | E3: 1 | F3: 1084 | G3: 5 | H3: Loja 9 | I3: =VLOOKUP(Sheet__29[[#This Row],[Filial]],Filiais!A:B,2,FALSE) -> Ribeirão Preto | J3: =VLOOKUP(Sheet__29[[#This Row],[Cidade]],'Clientes'!C:D,2,FALSE) -> SP | K3: =VLOOKUP(Sheet__29[[#This Row],[Produto]],Produtos!B:C,2,FALSE) -> Rede | L3: =VLOOKUP(Sheet__29[[#This Row],[Produto]],Produtos!B:D,3,FALSE) -> Lenovo Brasil | M3: =VLOOKUP(Sheet__29[[#This Row],[Produto]],Estoque!A:B,2,FALSE) -> 208 | N3: =Sheet__29[[#This Row],[Qtd]]*Sheet__29[[#This Row],[Valor]] -> 1084 | O3: =Sheet__29[[#This Row],[Venda]]*(1-Sheet__29[[#This Row],[Desc]]/100) -> 1029.8
A4: 100002 | B4: 46204 | C4: Cliente 241 | D4: Notebook Dell 68 | E4: 2 | F4: 859 | G4: 5 | H4: Loja 8 | I4: =VLOOKUP(Sheet__29[[#This Row],[Filial]],Filiais!A:B,2,FALSE) -> Bauru | J4: =VLOOKUP(Sheet__29[[#This Row],[Cidade]],'Clientes'!C:D,2,FALSE) -> SP | K4: =VLOOKUP(Sheet__29[[#This Row],[Produto]],Produtos!B:C,2,FALSE) -> Notebook | L4: =VLOOKUP(Sheet__29[[#This Row],[Produto]],Produtos!B:D,3,FALSE) -> Lenovo Brasil | M4: =VLOOKUP(Sheet__29[[#This Row],[Produto]],Estoque!A:B,2,FALSE) -> 84 | N4: =Sheet__29[[#This Row],[Qtd]]*Sheet__29[[#This Row],[Valor]] -> 1718 | O4: =Sheet__29[[#This Row],[Venda]]*(1-Sheet__29[[#This Row],[Desc]]/100) -> 1632.1
A5: 100003 | B5: 46204 | C5: Cliente 756 | D5: Periférico Dell 13 | E5: 5 | F5: 2518 | G5: 0 | H5: Loja 9 | I5: =VLOOKUP(Sheet__29[[#This Row],[Filial]],Filiais!A:B,2,FALSE) -> Ribeirão Preto | J5: =VLOOKUP(Sheet__29[[#This Row],[Cidade]],'Clientes'!C:D,2,FALSE) -> SP | K5: =VLOOKUP(Sheet__29[[#This Row],[Produto]],Produtos!B:C,2,FALSE) -> Periférico | L5: =VLOOKUP(Sheet__29[[#This Row],[Produto]],Produtos!B:D,3,FALSE) -> Logitech Brasil | M5: =VLOOKUP(Sheet__29[[#This Row],[Produto]],Estoque!A:B,2,FALSE) -> 11 | N5: =Sheet__29[[#This Row],[Qtd]]*Sheet__29[[#This Row],[Valor]] -> 12590 | O5: =Sheet__29[[#This Row],[Venda]]*(1-Sheet__29[[#This Row],[Desc]]/100) -> 12590
A6: 100004 | B6: 46204 | C6: Cliente 564 | D6: Rede Kingston 20 | E6: 3 | F6: 2832 | G6: 5 | H6: Loja 9 | I6: =VLOOKUP(Sheet__29[[#This Row],[Filial]],Filiais!A:B,2,FALSE) -> Ribeirão Preto | J6: =VLOOKUP(Sheet__29[[#This Row],[Cidade]],'Clientes'!C:D,2,FALSE) -> SP | K6: =VLOOKUP(Sheet__29[[#This Row],[Produto]],Produtos!B:C,2,FALSE) -> Periférico | L6: =VLOOKUP(Sheet__29[[#This Row],[Produto]],Produtos!B:D,3,FALSE) -> Kingston Brasil | M6: =VLOOKUP(Sheet__29[[#This Row],[Produto]],Estoque!A:B,2,FALSE) -> 298 | N6: =Sheet__29[[#This Row],[Qtd]]*Sheet__29[[#This Row],[Valor]] -> 8496 | O6: =Sheet__29[[#This Row],[Venda]]*(1-Sheet__29[[#This Row],[Desc]]/100) -> 8071.2
A7: 100005 | B7: 46204 | C7: Cliente 37 | D7: Monitor Logitech 35 | E7: 4 | F7: 3031 | G7: 10 | H7: Loja 1 | I7: =VLOOKUP(Sheet__29[[#This Row],[Filial]],Filiais!A:B,2,FALSE) -> São Paulo | J7: =VLOOKUP(Sheet__29[[#This Row],[Cidade]],'Clientes'!C:D,2,FALSE) -> SP | K7: =VLOOKUP(Sheet__29[[#This Row],[Produto]],Produtos!B:C,2,FALSE) -> Rede | L7: =VLOOKUP(Sheet__29[[#This Row],[Produto]],Produtos!B:D,3,FALSE) -> Lenovo Brasil | M7: =VLOOKUP(Sheet__29[[#This Row],[Produto]],Estoque!A:B,2,FALSE) -> 178 | N7: =Sheet__29[[#This Row],[Qtd]]*Sheet__29[[#This Row],[Valor]] -> 12124 | O7: =Sheet__29[[#This Row],[Venda]]*(1-Sheet__29[[#This Row],[Desc]]/100) -> 10911.6
A8: 100006 | B8: 46204 | C8: Cliente 324 | D8: Armazenamento Lenovo 8 | E8: 4 | F8: 1391 | G8: 10 | H8: Loja 1 | I8: =VLOOKUP(Sheet__29[[#This Row],[Filial]],Filiais!A:B,2,FALSE) -> São Paulo | J8: =VLOOKUP(Sheet__29[[#This Row],[Cidade]],'Clientes'!C:D,2,FALSE) -> SP | K8: =VLOOKUP(Sheet__29[[#This Row],[Produto]],Produtos!B:C,2,FALSE) -> Armazenamento | L8: =VLOOKUP(Sheet__29[[#This Row],[Produto]],Produtos!B:D,3,FALSE) -> Dell Brasil | M8: =VLOOKUP(Sheet__29[[#This Row],[Produto]],Estoque!A:B,2,FALSE) -> 150 | N8: =Sheet__29[[#This Row],[Qtd]]*Sheet__29[[#This Row],[Valor]] -> 5564 | O8: =Sheet__29[[#This Row],[Venda]]*(1-Sheet__29[[#This Row],[Desc]]/100) -> 5007.6
A9: 100007 | B9: 46204 | C9: Cliente 435 | D9: Armazenamento Kingston 135 | E9: 2 | F9: 1667 | G9: 0 | H9: Loja 2 | I9: =VLOOKUP(Sheet__29[[#This Row],[Filial]],Filiais!A:B,2,FALSE) -> Campinas | J9: =VLOOKUP(Sheet__29[[#This Row],[Cidade]],'Clientes'!C:D,2,FALSE) -> SP | K9: =VLOOKUP(Sheet__29[[#This Row],[Produto]],Produtos!B:C,2,FALSE) -> Periférico | L9: =VLOOKUP(Sheet__29[[#This Row],[Produto]],Produtos!B:D,3,FALSE) -> Kingston Brasil | M9: =VLOOKUP(Sheet__29[[#This Row],[Produto]],Estoque!A:B,2,FALSE) -> 167 | N9: =Sheet__29[[#This Row],[Qtd]]*Sheet__29[[#This Row],[Valor]] -> 3334 | O9: =Sheet__29[[#This Row],[Venda]]*(1-Sheet__29[[#This Row],[Desc]]/100) -> 3334
A10: 100008 | B10: 46204 | C10: Cliente 998 | D10: Armazenamento Logitech 34 | E10: 5 | F10: 4197 | G10: 0 | H10: Loja 5 | I10: =VLOOKUP(Sheet__29[[#This Row],[Filial]],Filiais!A:B,2,FALSE) -> Sorocaba | J10: =VLOOKUP(Sheet__29[[#This Row],[Cidade]],'Clientes'!C:D,2,FALSE) -> SP | K10: =VLOOKUP(Sheet__29[[#This Row],[Produto]],Produtos!B:C,2,FALSE) -> Notebook | L10: =VLOOKUP(Sheet__29[[#This Row],[Produto]],Produtos!B:D,3,FALSE) -> Lenovo Brasil | M10: =VLOOKUP(Sheet__29[[#This Row],[Produto]],Estoque!A:B,2,FALSE) -> 209 | N10: =Sheet__29[[#This Row],[Qtd]]*Sheet__29[[#This Row],[Valor]] -> 20985 | O10: =Sheet__29[[#This Row],[Venda]]*(1-Sheet__29[[#This Row],[Desc]]/100) -> 20985
A11: 100009 | B11: 46204 | C11: Cliente 202 | D11: Armazenamento Dell 118 | E11: 1 | F11: 3009 | G11: 5 | H11: Loja 6 | I11: =VLOOKUP(Sheet__29[[#This Row],[Filial]],Filiais!A:B,2,FALSE) -> Jundiaí | J11: =VLOOKUP(Sheet__29[[#This Row],[Cidade]],'Clientes'!C:D,2,FALSE) -> SP | K11: =VLOOKUP(Sheet__29[[#This Row],[Produto]],Produtos!B:C,2,FALSE) -> Armazenamento | L11: =VLOOKUP(Sheet__29[[#This Row],[Produto]],Produtos!B:D,3,FALSE) -> Logitech Brasil | M11: =VLOOKUP(Sheet__29[[#This Row],[Produto]],Estoque!A:B,2,FALSE) -> 157 | N11: =Sheet__29[[#This Row],[Qtd]]*Sheet__29[[#This Row],[Valor]] -> 3009 | O11: =Sheet__29[[#This Row],[Venda]]*(1-Sheet__29[[#This Row],[Desc]]/100) -> 2858.55
A12: 100010 | B12: 46204 | C12: Cliente 226 | D12: Armazenamento Dell 91 | E12: 1 | F12: 164 | G12: 5 | H12: Loja 1 | I12: =VLOOKUP(Sheet__29[[#This Row],[Filial]],Filiais!A:B,2,FALSE) -> São Paulo | J12: =VLOOKUP(Sheet__29[[#This Row],[Cidade]],'Clientes'!C:D,2,FALSE) -> SP | K12: =VLOOKUP(Sheet__29[[#This Row],[Produto]],Produtos!B:C,2,FALSE) -> Notebook | L12: =VLOOKUP(Sheet__29[[#This Row],[Produto]],Produtos!B:D,3,FALSE) -> LG Brasil | M12: =VLOOKUP(Sheet__29[[#This Row],[Produto]],Estoque!A:B,2,FALSE) -> 40 | N12: =Sheet__29[[#This Row],[Qtd]]*Sheet__29[[#This Row],[Valor]] -> 164 | O12: =Sheet__29[[#This Row],[Venda]]*(1-Sheet__29[[#This Row],[Desc]]/100) -> 155.8
A13: 100011 | B13: 46204 | C13: Cliente 260 | D13: Armazenamento Dell 43 | E13: 5 | F13: 376 | G13: 0 | H13: Loja 4 | I13: =VLOOKUP(Sheet__29[[#This Row],[Filial]],Filiais!A:B,2,FALSE) -> Osasco | J13: =VLOOKUP(Sheet__29[[#This Row],[Cidade]],'Clientes'!C:D,2,FALSE) -> SP | K13: =VLOOKUP(Sheet__29[[#This Row],[Produto]],Produtos!B:C,2,FALSE) -> Notebook | L13: =VLOOKUP(Sheet__29[[#This Row],[Produto]],Produtos!B:D,3,FALSE) -> LG Brasil | M13: =VLOOKUP(Sheet__29[[#This Row],[Produto]],Estoque!A:B,2,FALSE) -> 6 | N13: =Sheet__29[[#This Row],[Qtd]]*Sheet__29[[#This Row],[Valor]] -> 1880 | O13: =Sheet__29[[#This Row],[Venda]]*(1-Sheet__29[[#This Row],[Desc]]/100) -> 1880
... A8001: 107999 | B8001: 46204 | C8001: Cliente 172 | D8001: Monitor LG 147 | E8001: 3 | F8001: 2520 | G8001: 5 | H8001: Loja 9 | I8001: =VLOOKUP(Sheet__29[[#This Row],[Filial]],Filiais!A:B,2,FALSE) -> Ribeirão Preto | J8001: =VLOOKUP(Sheet__29[[#This Row],[Cidade]],'Clientes'!C:D,2,FALSE) -> SP | K8001: =VLOOKUP(Sheet__29[[#This Row],[Produto]],Produtos!B:C,2,FALSE) -> Monitor | L8001: =VLOOKUP(Sheet__29[[#This Row],[Produto]],Produtos!B:D,3,FALSE) -> Lenovo Brasil | M8001: =VLOOKUP(Sheet__29[[#This Row],[Produto]],Estoque!A:B,2,FALSE) -> 88 | N8001: =Sheet__29[[#This Row],[Qtd]]*Sheet__29[[#This Row],[Valor]] -> 7560 | O8001: =Sheet__29[[#This Row],[Venda]]*(1-Sheet__29[[#This Row],[Desc]]/100) -> 7182
